short_name,gtr_easy_solos,gtr_medium_solos,gtr_hard_solos,gtr_expert_solos,drums_easy_solos,drums_medium_solos,drums_hard_solos,drums_expert_solos,big_rock_ending
100000years,113,240,370,520,231,281,568,915,4660
21guns,35,48,54,67,0,0,0,0,0
21stcentdigiboy,37,65,115,172,0,0,0,0,0
29fingers,33,46,76,77,0,0,0,0,0
2minutestomidnight,41,65,106,178,0,0,0,0,0
3dimesdown,127,182,269,379,0,0,0,0,0
3sand7s,79,94,124,151,0,0,0,0,0
abc,0,0,0,0,92,117,168,196,0
aboutagirl,16,32,56,59,0,0,0,0,0
accidentallyinlove,26,31,48,56,0,0,0,0,0
aceofspades,33,43,80,112,0,0,0,0,0
aceshigh_live,30,61,120,195,0,0,0,0,7164
acleanshot,0,0,0,0,0,0,0,0,0
action,26,46,73,117,0,0,0,0,0
adamssong,0,0,0,0,0,0,0,0,0
adaylikethis,0,0,0,0,0,0,0,0,0
aestheticsofhate,155,177,286,569,0,0,0,0,0
afavorhouseatlantic,0,0,0,0,0,0,0,0,0
afterlife,52,101,187,326,0,0,0,0,0
ajaggedgorgeouswinter,0,0,0,0,0,0,0,0,0
alabamagetaway,92,121,209,225,0,0,0,0,0
alexchilton,26,34,46,56,0,0,0,0,0
aliensexist,0,0,0,0,0,0,0,0,0
alive,103,281,421,500,0,0,0,0,4686
alivelive,89,160,305,464,0,0,0,0,5051
allgoingouttogether,0,0,0,0,0,0,0,0,0
alliwant,0,0,0,0,0,0,0,0,0
allmixedup,0,0,0,0,0,0,0,0,0
allmylife,0,0,0,0,0,0,0,0,0
alloveragain,26,47,81,87,0,0,0,0,0
allrightnow,54,78,107,143,0,0,0,0,2705
allthesmallthings,0,0,0,0,0,0,0,0,0
allthethingsthatgo,0,0,0,0,0,0,0,0,0
almosteasy,34,49,72,111,0,0,0,0,0
aloneinmyhead,21,34,52,101,0,0,0,0,0
alookinginview,0,0,0,0,0,0,0,0,0
alotlikeme,0,0,0,0,0,0,0,0,0
amazingjourney,0,0,0,0,0,0,0,0,0
america,0,0,0,0,44,55,118,174,5588
americangirl,63,103,177,298,0,0,0,0,7549
americanwoman,36,39,59,82,0,0,0,0,0
amongstthewaves,30,48,82,103,0,0,0,0,0
andjusticeforall,117,125,201,277,0,0,0,0,0
andres,30,46,91,129,0,0,0,0,14118
andshewas,0,0,0,0,0,0,0,0,0
anotheronebitesthedust,0,0,0,0,0,0,0,0,0
anymanofmine,8,12,14,33,0,0,0,0,0
anywayyouwantit,82,144,237,348,0,0,0,0,0
apacherosepeacock,0,0,0,0,0,0,0,0,0
apunk,0,0,0,0,0,0,0,0,0
aqualung,79,129,200,245,0,0,0,0,0
areyoudeadyet,29,39,55,107,0,0,0,0,0
areyougonnabemygirl,47,86,122,123,0,0,0,0,0
areyougonnagomyway,47,75,88,148,0,0,0,0,0
ashestofire,16,16,16,28,0,0,0,0,0
athingaboutyou,32,52,74,113,0,0,0,0,0
attack,0,0,0,0,0,0,0,0,0
awomaninlovelive,61,100,179,300,0,0,0,0,0
babaoriley,33,62,96,140,0,0,0,0,4499
backfromthedead,51,86,155,337,0,0,0,0,0
backinblack_live,43,80,147,169,0,0,0,0,8887
badluck,51,85,134,149,0,0,0,0,0
badomen,64,112,208,336,0,0,0,0,0
badreputation,16,16,32,32,0,0,0,0,0
badtothebone,106,214,289,321,0,0,0,0,3835
ballroomblitz,52,68,107,144,0,0,0,0,0
bandages,0,0,0,0,0,0,0,0,0
bandontherunlive,0,0,0,0,0,0,0,0,0
bangagong,7,9,17,18,0,0,0,0,0
batcountry,63,94,187,295,0,0,0,0,0
bathwater,0,0,0,0,0,0,0,0,0
battery,58,85,147,207,0,0,0,0,0
beautifulthieves,0,0,0,0,0,0,0,0,0
beerformyhorses,16,30,40,44,0,0,0,0,0
beethovensc,0,0,0,0,0,0,0,0,0
beetlebum,79,84,96,106,0,0,0,0,0
behindblueeyes,0,0,0,0,0,0,0,0,0
bestdayever,0,0,0,0,0,0,0,0,0
bestofme,0,0,0,0,0,0,0,0,0
bestofyou,0,0,0,0,0,0,0,0,0
better,38,62,107,172,0,0,0,0,0
beverlyhills,31,57,96,136,0,0,0,0,0
bigbottom,0,0,0,0,33,44,64,85,5079
billiondollarlive,42,72,143,261,0,0,0,0,5203
black,161,287,352,613,0,0,0,0,0
blackened,96,158,281,414,0,0,0,0,0
blackfriday,98,171,238,365,0,0,0,0,0
blackholesun,36,59,101,139,0,0,0,0,8216
blackmagic,68,115,236,470,0,0,0,0,4796
blacksunshine,15,15,18,20,0,0,0,0,0
blew,32,52,93,120,0,0,0,0,4999
blindedbyfear,24,26,40,52,0,0,0,0,0
blitzkriegbop,0,0,0,0,0,0,0,0,0
blooddoll,24,28,43,55,0,0,0,0,0
bloodstone,82,90,158,282,0,0,0,0,0
bloodsugarsexmagik,61,90,149,184,0,0,0,0,0
bluechristmas,16,30,51,69,0,0,0,0,0
bluecollarman,34,62,123,215,0,0,0,0,2980
bluejeans,56,87,166,260,0,0,0,0,0
bluemorningblueday,20,28,47,68,0,0,0,0,0
bluesky,215,407,764,905,0,0,0,0,0
bodhisattva,145,261,470,754,0,0,0,0,4031
bodyioccupy,0,0,0,0,0,0,0,0,0
bounce,13,28,39,52,0,0,0,0,0
boysarebackintown,20,29,37,63,0,0,0,0,0
brainpower,16,31,31,31,0,0,0,0,0
brassinpocket,0,0,0,0,0,0,0,0,0
breakdownlive,18,29,52,80,0,0,0,0,0
breakingthegirl,0,0,0,0,0,0,0,0,0
breakmyheart,24,45,68,92,0,0,0,0,0
breakout,16,22,37,48,0,0,0,0,0
breed,32,64,116,229,0,0,0,0,0
bringmetolife,0,0,0,0,0,0,0,0,0
brother,75,129,194,348,0,0,0,0,0
buddyholly,29,40,63,88,0,0,0,0,0
buildabridge,0,0,0,0,0,0,0,0,0
bulletsandguns,15,32,52,64,0,0,0,0,0
bullsonparade,16,40,94,99,0,0,0,0,0
burn,0,0,0,0,0,0,0,0,0
burnrz,0,0,0,0,0,0,0,0,0
burnyoudown,37,52,71,96,0,0,0,0,0
byebyelove,46,63,96,120,0,0,0,0,0
byob,0,0,0,0,0,0,0,0,0
californiauberalles,0,0,0,0,0,0,0,0,0
callingdrlove,32,46,88,121,0,0,0,0,0
callme,0,0,0,0,0,0,0,0,0
callmewhenyouresober,0,0,0,0,0,0,0,0,0
cameraeye,57,84,139,202,0,0,0,0,0
caniplaywithmadness,16,27,45,69,0,0,0,0,0
cantletgo,42,51,84,84,0,0,0,0,6352
cantletgo_lucinda,28,65,110,143,0,0,0,0,0
cantstandlosingyou,0,0,0,0,0,0,0,0,0
cantstoprockin,72,110,206,399,0,0,0,0,0
capitalg,0,0,0,0,0,0,0,0,0
capricididiablo,64,122,237,463,0,0,0,0,0
carryonwaywardson,51,78,118,192,0,0,0,0,0
caseyjones,61,74,107,107,0,0,0,0,0
catcherintherye,141,225,351,509,0,0,0,0,0
celebrityskin,0,0,0,0,0,0,0,0,6590
centurycitylive,43,73,105,178,0,0,0,0,0
charlene,0,0,0,0,0,0,0,0,0
checkmybrain,30,52,75,95,0,0,0,0,0
checkyesjuliet,0,0,0,0,0,0,0,0,0
cheeseburgerinparadise,17,24,41,69,0,0,0,0,3774
cherrybomb,23,28,36,41,0,0,0,0,3608
cherubrock,28,30,52,55,0,0,0,0,5595
chestfeverlive,0,0,0,0,0,0,0,0,2842
chinacatsunflower,151,230,433,469,0,0,0,0,0
chinesedemocracy,93,136,223,432,0,0,0,0,0
chiron,28,52,99,212,0,0,0,0,0
chopsuey,0,0,0,0,0,0,0,0,0
christiansinferno,31,61,61,61,0,0,0,0,0
christmasisthetime,16,26,48,62,0,0,0,0,0
claudette,0,0,0,0,0,0,0,0,0
clinteastwood,93,154,279,394,0,0,0,0,0
closer,0,0,0,0,0,0,0,0,0
closertotheheart,34,42,70,80,0,0,0,0,0
cloudsovercalifornia,16,29,70,104,0,0,0,0,0
clubfoot,0,0,0,0,0,0,0,0,0
cmoncmon,0,0,0,0,0,0,0,0,0
coldrainandsnow,28,53,76,92,0,0,0,0,0
collector,38,55,85,95,0,0,0,0,0
colonyofbirchmen,34,61,123,235,0,0,0,0,0
comeasyouarelive,50,82,100,109,0,0,0,0,0
comeoutandplay,0,0,0,0,0,0,0,0,0
completecontrol,94,99,140,185,0,0,0,0,0
conquerall,48,61,118,155,0,0,0,0,0
constantmotion,66,110,194,351,0,0,0,0,0
conventionallover,43,51,119,173,0,0,0,0,0
coolforcats,8,8,23,42,24,38,45,47,0
countdowntoinsanity,0,0,0,0,0,0,0,0,0
cowboysong_live,66,119,188,317,0,0,0,0,0
crackityjones,0,0,0,0,0,0,0,0,0
crash,0,0,0,0,0,0,0,0,0
crawl,41,59,125,235,0,0,0,0,0
crazylittlething,19,27,47,67,0,0,0,0,0
crazytuesday,0,0,0,0,0,0,0,0,0
creamandbastards,24,39,65,96,0,0,0,0,0
creep,0,0,0,0,0,0,0,0,0
creepinupthebackstairs,0,0,0,0,0,0,0,0,0
criticalacclaim,45,90,123,178,0,0,0,0,0
crocodilerock,0,0,0,0,0,0,0,0,0
crosseyedandpainless,48,67,110,165,0,0,0,0,0
crushcrushcrush,0,0,0,0,0,0,0,0,0
crylonely,0,0,0,0,0,0,0,0,0
cupsandcakes,0,0,0,0,0,0,0,0,0
cuzurnext,16,37,54,167,0,0,0,0,0
dammit,0,0,0,0,0,0,0,0,0
damnationgame,98,157,275,533,0,0,0,0,5287
danceepidemic,16,25,41,70,0,0,0,0,0
danicalifornia,61,114,195,239,0,0,0,0,0
databasecorrupted,0,0,0,0,0,0,0,0,0
datewiththenight,0,0,0,0,0,0,0,0,0
dawnpatrol,0,0,0,0,0,0,0,0,0
daylatedollarshort,28,42,49,49,0,0,0,0,0
dead,0,0,0,0,0,0,0,0,0
deadleavesdirtyground,0,0,0,0,0,0,0,0,0
deadonarrival,30,52,96,110,0,0,0,0,0
debaser,0,0,0,0,0,0,0,0,0
deep,12,19,30,42,0,0,0,0,5584
deluxe,0,0,0,0,0,0,0,0,0
desperatetimes,0,0,0,0,0,0,0,0,0
detroitrockcity,43,49,97,102,0,0,0,0,5583
deuce,97,150,218,451,0,0,0,0,0
devilschild,37,42,75,111,0,0,0,0,0
devilsisland,107,164,349,672,0,0,0,0,0
devour,0,0,0,0,0,0,0,0,0
diaryofjane,0,0,0,0,0,0,0,0,0
dieallright,0,0,0,0,0,0,0,0,0
dig,16,22,29,34,0,0,0,0,0
dirtydeeds_live,48,82,170,343,0,0,0,0,4419
dirtylittlesecret,32,32,41,40,0,0,0,0,0
dirtypool,91,137,272,541,0,0,0,0,0
disposableteens,0,0,0,0,0,0,0,0,0
dissidentaggressor_live,37,49,69,115,0,0,0,0,0
doa,58,67,96,114,0,0,0,0,0
doa_foos,0,0,0,0,0,0,0,0,0
dointhatrag,47,124,194,243,0,0,0,0,0
doll,0,0,0,0,0,0,0,0,0
dontchastop,84,96,178,197,0,0,0,0,0
donteasemein,35,66,105,134,0,0,0,0,0
dontfearthereaper,46,57,90,112,0,0,0,0,5567
dontgoawaymad,50,90,148,289,0,0,0,0,0
dontlookbackinanger,60,67,100,141,0,0,0,0,0
dontmakemewait,0,0,0,0,0,0,0,0,0
dontspeak,25,37,63,75,0,0,0,0,0
dontstop,22,39,65,78,0,0,0,0,0
dontstopbelieving,15,17,25,40,0,0,0,0,0
donttellme,0,0,0,0,0,0,0,0,0
donttellmeyouloveme,92,138,271,474,0,0,0,0,0
down,0,0,0,0,0,0,0,0,0
downatthewhiskey,63,91,168,222,0,0,0,0,2465
downwiththesickness,0,0,0,0,0,0,0,0,0
doyouwantto,0,0,0,0,0,0,0,0,0
dragula,0,0,0,0,0,0,0,0,0
draintheblood,16,20,38,45,0,0,0,0,0
drainyou,10,15,25,38,0,0,0,0,0
dreamin,0,0,0,0,0,0,0,0,0
dreamingoflove,0,0,0,0,0,0,0,0,0
dreamingofyou,36,53,86,101,0,0,0,0,0
drfeelgood,33,57,102,241,0,0,0,0,0
duality,0,0,0,0,0,0,0,0,0
dunebuggy,0,0,0,0,0,0,0,0,0
eastjesusnowhere,16,27,31,31,0,0,0,0,0
eatmealivelive,72,126,142,321,0,0,0,0,0
electriccrown,89,137,230,386,0,0,0,0,0
electricversion,0,0,0,0,0,0,0,0,0
elscorcho,11,14,17,17,0,0,0,0,0
embedded,27,45,68,99,0,0,0,0,0
eminencefront1,37,77,139,171,0,0,0,0,0
empireofthegun,17,28,39,78,0,0,0,0,0
employeeofthemonth,0,0,0,0,0,0,0,0,0
endtransmission,0,0,0,0,0,0,0,0,0
enoughspace,0,0,0,0,0,0,0,0,0
entangled,35,41,64,103,0,0,0,0,0
entersandman,67,116,185,216,0,0,0,0,0
epic,43,54,69,76,0,0,0,0,0
epro,0,0,0,0,56,69,83,103,0
evenflow,32,45,76,130,0,0,0,0,0
eventhelosers,78,122,254,311,0,0,0,0,5392
everfalleninlove,0,0,0,0,0,0,0,0,0
everlong,0,0,0,0,0,0,0,0,0
everylittlething,0,0,0,0,0,0,0,0,0
excusememr,0,0,0,0,0,0,0,0,0
exgirlfriend,17,30,42,83,0,0,0,0,0
eyeofthetiger,0,0,0,0,0,0,0,0,0
facedowninthedirt,18,26,41,50,0,0,0,0,0
fakefriends,15,25,34,51,0,0,0,0,0
fatbottomedgirls,12,18,27,41,0,0,0,0,0
fearofthedarklive,30,59,108,209,0,0,0,0,0
featherpluckn,0,0,0,0,0,0,0,0,0
februarystars,0,0,0,0,0,0,0,0,0
feedthetree,16,27,39,43,0,0,0,0,0
feelgoodinc,0,0,0,0,0,0,0,0,0
feelingthis,0,0,0,0,0,0,0,0,0
feelslikethefirsttime,15,32,63,94,0,0,0,0,0
feelthepain,31,54,103,125,0,0,0,0,0
fever,62,68,103,139,0,0,0,0,0
fire,42,50,77,132,0,0,0,0,0
fireonthemountain,30,42,60,68,0,0,0,0,0
fireyourguns_live,27,44,78,121,0,0,0,0,7635
firstdate,0,0,0,0,0,0,0,0,0
fivemagics,113,200,349,691,0,0,0,0,0
flathead,43,65,104,138,41,56,61,82,0
flirtinwithdisaster,133,177,362,429,0,0,0,0,3309
floaton,0,0,0,0,0,0,0,0,0
flowerpeople,0,0,0,0,0,0,0,0,0
forceofnature,38,57,81,112,0,0,0,0,0
foreplaylongtime,83,116,202,282,0,0,0,0,12003
foreplaylongtime_short,70,113,181,282,0,0,0,0,12003
forever,47,53,94,167,0,0,0,0,0
forthoseabouttorock_live,87,131,207,283,0,0,0,0,13578
fortunateson,0,0,0,0,0,0,0,0,0
franklinstower,180,221,328,432,0,0,0,0,0
freeandeasy,0,0,0,0,0,0,0,0,0
freedomtrain,0,0,0,0,0,0,0,0,0
freefallin,0,0,0,0,0,0,0,0,0
funk49,0,0,0,0,124,158,248,312,0
funkymonks,44,67,101,140,0,0,0,0,0
funkysexfarm,0,0,0,0,0,0,0,0,0
futures,0,0,0,0,0,0,0,0,0
garden,78,115,197,314,0,0,0,0,5501
gasoline,22,38,70,110,0,0,0,0,0
gaybar,32,60,100,121,0,0,0,0,0
geraldine,0,0,0,0,0,0,0,0,0
getclean,34,45,185,220,0,0,0,0,0
getiton,93,139,272,324,0,0,0,0,0
getready2rokk,30,51,92,140,0,0,0,0,0
getup,0,0,0,0,0,0,0,0,0
getyourrockon,0,0,0,0,0,0,0,0,0
ghostbusters,0,0,0,0,32,58,86,114,0
gimmeshelter,131,202,232,238,0,0,0,0,0
gimmesomemoney,46,69,77,87,0,0,0,0,0
gimmethreesteps,48,73,113,118,0,0,0,0,0
girlfriendisbetter,87,155,259,351,0,0,0,0,0
girlsandboys,22,38,48,65,0,0,0,0,0
girlsnotgrey,0,0,0,0,0,0,0,0,0
girlsonfilm,0,0,0,0,0,0,0,0,0
girlswhoplayguitars,0,0,0,0,0,0,0,0,0
girluwant,15,28,37,49,0,0,0,0,0
girlyouhavenofaith,26,41,57,110,0,0,0,0,0
giveitall,0,0,0,0,0,0,0,0,0
giveitaway,29,46,60,82,0,0,0,0,0
giveittome,0,0,0,0,0,0,0,0,0
givesyouhell,0,0,0,0,0,0,0,0,0
godzilla,68,94,162,299,53,142,181,227,0
goingmobile,68,90,167,251,0,0,0,0,0
goingunderground,0,0,0,0,0,0,0,0,0
gone,16,25,40,51,0,0,0,0,0
gone_mg,8,11,23,24,0,0,0,0,6483
goneaway,0,0,0,0,0,0,0,0,0
gonnaseemyfriend,0,0,0,0,0,0,0,0,0
goodmorningblackfriday,104,203,362,639,0,0,0,0,0
goodtime,71,130,218,338,0,0,0,0,0
goodtimesroll,20,26,28,33,0,0,0,0,0
gotsome,13,14,18,22,0,0,0,0,0
gougeaway,0,0,0,0,0,0,0,0,0
gowiththeflow,0,0,0,0,0,0,0,0,0
goyourownway,59,98,175,190,0,0,0,0,0
grace,0,0,0,0,0,0,0,0,0
greengrass,617,982,1500,2353,0,0,0,0,4558
greengrass_short,274,445,630,992,0,0,0,0,4558
grind,36,57,96,181,0,0,0,0,0
guerrillaradio,23,35,50,62,0,0,0,0,0
gunpowderandlead,48,92,157,193,0,0,0,0,0
hadadad,64,110,183,416,0,0,0,0,0
hairofthedog,117,233,349,384,0,0,0,0,0
hallowedbethyname,51,94,196,396,0,0,0,0,23628
hammerhead,0,0,0,0,0,0,0,0,0
hammersmashedface,0,0,0,0,0,0,0,0,0
handlebars,0,0,0,0,0,0,0,0,0
handmedownworld,13,22,34,44,0,0,0,0,0
handsdown,0,0,0,0,0,0,0,0,0
hangar18,174,265,479,962,0,0,0,0,0
hangingonthetelephone,19,33,50,59,0,0,0,0,0
hangyoufromtheheavens,0,0,0,0,62,79,120,175,0
hanukkahblessings,25,35,53,77,0,0,0,0,0
hardtohandle,26,33,61,72,0,0,0,0,5968
haypocorockandroll,117,163,243,314,0,0,0,0,5242
headknocker,0,0,0,0,0,0,0,0,0
headoverfeet,0,0,0,0,0,0,0,0,0
headphoneson,8,17,28,34,0,0,0,0,0
heartbreaker,33,70,99,144,0,0,0,0,5199
heatseeker_live,21,35,59,81,0,0,0,0,5938
heavenbesideyou,28,52,67,145,0,0,0,0,0
heavyduty,32,53,83,139,0,0,0,0,4495
hellagood,20,31,45,58,0,0,0,0,0
hellaintabadplace_live,33,65,100,125,0,0,0,0,3963
hellhole,34,64,130,265,0,0,0,0,5360
hellinabucket,77,103,143,185,0,0,0,0,0
hellionelectriceye,55,83,130,214,0,0,0,0,0
hellothere,23,43,64,65,0,0,0,0,0
hellsbells_live,42,75,141,239,0,0,0,0,19304
henrietta,0,0,0,0,0,0,0,0,0
herecomesmygirl,20,37,57,74,0,0,0,0,4692
herecomesyourman,31,51,106,109,0,0,0,0,0
hereitgoesagain,36,66,66,66,0,0,0,0,4442
heroes,37,50,58,82,0,0,0,0,5738
hey,40,65,86,92,0,0,0,0,0
heybaby,0,0,0,0,0,0,0,0,0
heydude,15,26,48,87,0,0,0,0,0
heyjohnnypark,12,23,29,35,0,0,0,0,0
heyjohnwhatsyournameagain,0,0,0,0,0,0,0,0,0
hierkommtalex,0,0,0,0,0,0,0,0,0
highvoltage_live,79,146,254,404,0,0,0,0,4195
highwaystar,146,215,327,445,0,0,0,0,7591
highwaytohell_live,46,83,180,248,0,0,0,0,9038
hillbillydeluxe,114,148,190,327,0,0,0,0,0
hitcharide,98,168,271,375,0,0,0,0,0
hitmewithyourbestshot,33,50,79,147,0,0,0,0,3096
holidayincambodia,35,61,102,179,0,0,0,0,0
holywars,124,198,341,634,0,0,0,0,0
hongkonggarden,0,0,0,0,0,0,0,0,0
howdoyoulikemenow,22,37,61,105,0,0,0,0,0
hungrylikethewolf,0,0,0,0,0,0,0,0,0
hymn43,29,45,55,74,0,0,0,0,2640
hysteria,62,101,115,183,0,0,0,0,0
iaintsuperstitious,73,119,246,355,0,0,0,0,0
iamarock,0,0,0,0,0,0,0,0,0
ibleed,0,0,0,0,0,0,0,0,0
icanttakemyeyes,31,48,78,105,0,0,0,0,0
icarus,210,317,458,689,0,0,0,0,3980
ickythump,67,118,212,342,0,0,0,0,0
icouldhavelied,78,123,192,224,0,0,0,0,0
idealistictypes,33,41,67,129,0,0,0,0,0
ididntsayiwas,0,0,0,0,0,0,0,0,0
idiotsrule,53,88,157,347,0,0,0,0,0
idontcare,29,54,78,94,0,0,0,0,0
idontlikeyou,45,58,97,158,0,0,0,0,0
idontwanttogotoschool,0,0,0,0,0,0,0,0,0
ifiaintgotyou,0,0,0,0,0,0,0,0,0
ifoughtthelaw,22,30,30,32,0,0,0,0,0
iftheworld,67,98,160,242,0,0,0,0,0
ifyouhavetoask,43,64,95,199,0,0,0,0,0
igetby,0,0,0,0,0,0,0,0,0
iknowwhereyou,0,0,0,0,0,0,0,0,0
illstickaround,0,0,0,0,0,0,0,0,0
ilovethisbar,36,56,94,125,0,0,0,0,0
imageoftheinvisible,0,0,0,0,0,0,0,0,0
imcryin,70,144,252,415,0,0,0,0,2466
imeighteenlive,30,57,102,157,0,0,0,0,23465
imgoneimgoing,11,18,18,18,0,0,0,0,0
imissyou,0,0,0,0,0,0,0,0,0
imshippingup,0,0,0,0,0,0,0,0,4265
imsosick,0,0,0,0,0,0,0,0,0
inbloom,21,28,48,51,0,0,0,0,0
indestructible,32,47,65,104,0,0,0,0,0
indreams,0,0,0,0,0,0,0,0,0
ineedamiracle,54,75,95,129,0,0,0,0,0
insideout,0,0,0,0,0,0,0,0,0
insidethefire,24,46,99,141,0,0,0,0,0
interstatelovesong,0,0,0,0,0,0,0,0,0
intoodeep,9,17,35,68,0,0,0,0,0
intouch,31,42,55,59,0,0,0,0,0
ipredictariot,0,0,0,0,0,0,0,0,0
ironic,0,0,0,0,0,0,0,0,0
ironmaidenlive,0,0,0,0,15,18,34,48,38953
irs,47,92,146,307,0,0,0,0,0
istandalone,16,28,28,55,0,0,0,0,0
ithinkimparanoid,0,0,0,0,0,0,0,0,0
ithurts,0,0,0,0,0,0,0,0,0
itoldyouso,58,92,171,242,0,0,0,0,0
itsmylife,0,0,0,0,0,0,0,0,0
iv,24,47,86,143,0,0,0,0,0
iwannabeyourman,33,60,112,237,0,0,0,0,0
iwantitall,61,102,157,323,0,0,0,0,0
iwanttobreakfree,24,41,54,74,0,0,0,0,0
iwantyouback,0,0,0,0,0,0,0,0,0
iwantyouto,0,0,0,0,0,0,0,0,0
iwaswrong,55,56,98,115,0,0,0,0,0
iwillnotbow,17,29,49,65,0,0,0,0,0
iwontbackdown,11,14,16,23,0,0,0,0,0
jailbreak_live,232,356,598,942,0,0,0,0,29232
jailbreak_lizzy,47,71,93,138,0,0,0,0,0
jamminme,41,67,117,144,0,0,0,0,4140
janesays,0,0,0,0,0,0,0,0,0
jeremy,0,0,0,0,0,0,0,0,0
jesuschristpose,0,0,0,0,0,0,0,0,15312
jetlive,0,0,0,0,0,0,0,0,4105
johnnyguitar,0,0,0,0,0,0,0,0,0
jokerandthe,41,44,73,99,0,0,0,0,0
jukeboxhero,45,54,100,111,0,0,0,0,0
junkiesforfame,24,43,70,94,0,0,0,0,0
justagirl,22,30,42,42,0,0,0,0,0
justbreathe,0,0,0,0,0,0,0,0,0
justwhatineeded,25,28,55,74,0,0,0,0,0
kickstartmyheart,66,90,135,183,0,0,0,0,10687
kidsdontfollow,17,25,46,60,0,0,0,0,0
kidsinamerica,35,46,57,57,0,0,0,0,4162
killedbydeath,115,168,318,437,0,0,0,0,5697
killerqueen,28,48,70,92,0,0,0,0,0
killingjar,0,0,0,0,0,0,0,0,0
kingsandqueens,0,0,0,0,0,0,0,0,0
kissthemforme,0,0,0,0,0,0,0,0,0
knightonthetown,45,71,123,219,0,0,0,0,0
knowyourenemy,29,57,85,109,0,0,0,0,0
koolthing,56,64,88,120,0,0,0,0,0
kryptonite,54,78,106,152,0,0,0,0,0
kungfufighting,0,0,0,0,0,0,0,0,0
ladybug,17,32,59,71,0,0,0,0,0
laidtorest,0,0,0,0,0,0,0,0,0
lalaloveyou,0,0,0,0,0,0,0,0,0
last,0,0,0,0,0,0,0,0,0
lastofmykind,23,34,63,93,0,0,0,0,0
lastoftheamerican,0,0,0,0,0,0,0,0,0
lastonetodie,11,23,24,28,0,0,0,0,0
lastresort,0,0,0,0,0,0,0,0,0
lasttraintoclarksville,30,59,90,118,0,0,0,0,0
lazyeye,141,218,401,589,0,0,0,0,0
learntofly,0,0,0,0,0,0,0,0,0
leavinghere,33,58,88,113,0,0,0,0,1884
lenny,160,217,338,561,0,0,0,0,0
lesstalkmorerokk,0,0,0,0,0,0,0,0,0
letitallhangout,0,0,0,0,0,0,0,0,0
letloverule,0,0,0,0,0,0,0,0,0
letsdance,62,101,142,198,0,0,0,0,0
letthereberock,197,352,629,1020,0,0,0,0,10403
letthereberock_live,244,333,700,1248,0,0,0,0,52398
levitate,23,35,61,94,0,0,0,0,0
liar,0,0,0,0,0,0,0,0,0
lieslieslies,0,0,0,0,0,0,0,0,0
lifeisahighway,22,40,45,76,0,0,0,0,0
lifeisbeautiful,0,0,0,0,0,0,0,0,0
lifeline,0,0,0,0,0,0,0,0,0
likeafool,0,0,0,0,0,0,0,0,0
limelight,52,54,94,100,0,0,0,0,4340
limelight2,43,45,69,77,0,0,0,0,4233
linger,11,12,16,16,0,0,0,0,0
lisztomania,0,0,0,0,0,0,0,0,0
lithiumlive,0,0,0,0,0,0,0,0,0
littleofyourtime,14,21,30,52,0,0,0,0,0
littlesister,59,92,177,184,0,0,0,0,0
liveforever,144,156,210,301,0,0,0,0,0
livinatthecorner,0,0,0,0,0,0,0,0,0
livinonaprayer,19,31,50,64,0,0,0,0,0
lonelyasyou,27,54,102,126,0,0,0,0,0
losingmyreligion,0,0,0,0,0,0,0,0,0
loungeact,0,0,0,0,0,0,0,0,0
lovelikewinter,0,0,0,0,0,0,0,0,0
lovemyway,15,15,17,17,0,0,0,0,0
lovespreads,0,0,0,0,0,0,0,0,0
lovestruckbaby,79,113,191,274,0,0,0,0,0
luciddreams,26,39,54,89,0,0,0,0,0
luckydenvermint,15,30,59,176,150,200,251,376,0
lucretia,104,147,259,513,0,0,0,0,0
lump,0,0,0,0,0,0,0,0,0
madagascar,0,0,0,0,0,0,0,0,0
magicbuslive,0,0,0,0,0,0,0,0,3471
magneticbaby,18,35,60,111,0,0,0,0,0
mainoffender,56,94,116,203,0,0,0,0,0
makedamnsure,0,0,0,0,0,0,0,0,0
makemesmile,33,57,101,128,0,0,0,0,0
makesmewonder,0,0,0,0,0,0,0,0,0
maninthebox,53,66,121,172,0,0,0,0,0
manuchao,25,26,34,42,0,0,0,0,4963
manyshadesofblack,39,52,78,145,0,0,0,0,0
maps,0,0,0,0,0,0,0,0,0
marchofthepigs,0,0,0,0,0,0,0,0,0
margaritaville,24,53,70,80,0,0,0,0,3401
maryhadalittlelamb,53,99,166,217,0,0,0,0,0
maryjane,45,81,150,207,0,0,0,0,21776
masterexploder,58,92,157,235,0,0,0,0,0
masterslave,0,0,0,0,0,0,0,0,0
mastersoftheuniverse,0,0,0,0,0,0,0,0,0
meandmygang,0,0,0,0,0,0,0,0,0
meanwomanblues,26,52,70,118,0,0,0,0,0
medicate,42,70,111,170,0,0,0,0,0
megasus,54,97,142,263,0,0,0,0,0
melatonin,0,0,0,0,0,0,0,0,0
mellowshipslinkyinbmajor,0,0,0,0,0,0,0,0,0
messageinabottle,42,48,62,68,0,0,0,0,0
metalonmetal,43,57,92,148,0,0,0,0,0
mica,0,0,0,0,0,0,0,0,0
midnightrider,26,40,67,90,0,0,0,0,0
missindependent,0,0,0,0,0,0,0,0,0
missmurder,0,0,0,0,0,0,0,0,0
missqueen,26,41,59,67,0,0,0,0,4242
mollychambers,19,29,45,66,0,0,0,0,0
moneytalks_live,34,56,106,151,0,0,0,0,0
monkeygonetoheaven,0,0,0,0,0,0,0,0,0
monkeywrench,0,0,0,0,0,0,0,0,0
monsoon,0,0,0,0,0,0,0,0,0
monster,22,33,61,147,0,0,0,0,0
monymony,0,0,0,0,0,0,0,0,0
moonagedaydream,46,64,85,132,0,0,0,0,0
morehumanthanhuman,0,0,0,0,0,0,0,0,0
morethanafeeling,34,36,67,78,0,0,0,0,0
morethanmeetstheeye,59,87,159,296,0,0,0,0,0
mountainsong,34,53,86,122,0,0,0,0,0
movealong,0,0,0,0,0,0,0,0,0
movinginstereo,50,56,61,62,0,0,0,0,0
movingtoseattle,0,0,0,0,0,0,0,0,0
mrbrightside,0,0,0,0,0,0,0,0,0
mrcabdriver,81,101,148,201,0,0,0,0,0
mrgrieves,0,0,0,0,0,0,0,0,0
mudonthetires,25,44,84,142,0,0,0,0,0
mybestfriendsgirl,21,25,42,67,0,0,0,0,0
mycurse,0,0,0,0,0,0,0,0,0
mygeneration,60,85,142,165,0,0,0,0,7744
myhero,0,0,0,0,0,0,0,0,0
myironlung,69,94,96,143,0,0,0,0,0
mylastwords,45,75,144,324,0,0,0,0,0
mylovelyman,34,59,73,157,0,0,0,0,0
mynameisjonas,0,0,0,0,0,0,0,0,0
myoldschool,118,219,389,652,0,0,0,0,0
myownworstenemy,19,32,75,83,0,0,0,0,0
mypoorbrain,0,0,0,0,0,0,0,0,0
mysharona,229,251,442,575,0,0,0,0,0
naive,0,0,0,0,0,0,0,0,0
nakedeye,0,0,0,0,0,0,0,0,0
nakedintherain,46,84,145,207,0,0,0,0,0
naturaldisaster,0,0,0,0,0,0,0,0,0
nearlylostyou,46,74,87,138,0,0,0,0,0
new,0,0,0,0,0,0,0,0,0
newfang,35,52,80,101,0,0,0,0,0
newkidinschool,30,43,79,104,0,0,0,0,0
newmoonrising,18,26,39,56,0,0,0,0,0
newslang,38,63,89,97,0,0,0,0,0
newwave,0,0,0,0,0,0,0,0,0
newwayhome,0,0,0,0,0,0,0,0,0
nexttoyou,25,27,32,56,0,0,0,0,0
nib,123,146,229,307,0,0,0,0,8358
nightlies,34,42,58,90,0,0,0,0,0
nightmare,38,60,120,127,0,0,0,0,3426
nightwatchmanlive,21,33,44,68,0,0,0,0,4196
nineintheafternoon,0,0,0,0,0,0,0,0,0
nineteenohone,0,0,0,0,0,0,0,0,0
no13baby,17,25,41,64,0,0,0,0,0
noexcuses,22,33,35,53,0,0,0,0,0
nohasslenight,0,0,0,0,0,0,0,0,0
norain,34,64,112,144,0,0,0,0,0
noregrets,17,31,48,87,0,0,0,0,0
notime,49,71,127,185,0,0,0,0,0
numberofthebeast,68,70,126,222,0,0,0,0,0
numberofthebeast2,48,76,128,271,0,0,0,0,0
oceanavenue,0,0,0,0,0,0,0,0,0
oceans,0,0,0,0,0,0,0,0,0
oceansize,120,204,316,489,0,0,0,0,0
ohprettywoman,0,0,0,0,0,0,0,0,0
onaplain,0,0,0,0,0,0,0,0,0
once,19,33,50,84,0,0,0,0,0
onceinalifetime,0,0,0,0,0,0,0,0,0
oneofthosenights,0,0,0,0,0,0,0,0,0
onestepcloser,0,0,0,0,0,0,0,0,0
onevision,31,47,87,166,93,126,215,284,0
onewayoranother,33,54,83,94,0,0,0,0,0
ontheroadagain,26,44,88,106,0,0,0,0,0
oobydooby,74,110,176,201,0,0,0,0,0
openingband,0,0,0,0,0,0,0,0,0
orangecrush,16,16,16,16,0,0,0,0,0
originofthespecies,0,0,0,0,0,0,0,0,0
ourlipsaresealed,0,0,0,0,0,0,0,0,0
ourtruth,0,0,0,0,0,0,0,0,0
outhereallnight,0,0,0,0,0,0,0,0,0
outside,41,61,94,107,0,0,0,0,0
painandpleasure,33,37,56,72,0,0,0,0,0
painkiller,112,226,402,640,98,143,201,284,0
panicattack,35,51,96,209,0,0,0,0,0
paranoid,44,59,97,110,0,0,0,0,4103
parasitelive,43,71,112,204,152,193,227,275,0
pda,0,0,0,0,0,0,0,0,0
peaceofmind,59,67,109,138,0,0,0,0,0
peacesells,65,100,186,327,0,0,0,0,0
peoplegotalotofnerve,0,0,0,0,0,0,0,0,0
perfectdrug,0,0,0,0,0,0,0,0,0
perfectinsanity,16,25,108,124,0,0,0,0,0
perfektewelle,0,0,0,0,0,0,0,0,0
pickmeup,286,379,626,857,0,0,0,0,0
pickupthepieces,0,0,0,0,0,0,0,0,0
pieceofmyheart,25,43,63,105,0,0,0,0,0
pigsinzen,89,176,260,447,0,0,0,0,0
pilgrim,57,106,154,242,0,0,0,0,4295
pinballwizard,0,0,0,0,0,0,0,0,0
pleasure,67,115,136,216,0,0,0,0,0
pointofknowreturn,0,0,0,0,0,0,0,0,0
poison,77,106,173,287,0,0,0,0,0
poisonwasthecure,30,43,75,149,0,0,0,0,0
policetruck,20,40,40,80,0,0,0,0,3149
polly,0,0,0,0,0,0,0,0,0
porch,35,60,83,158,0,0,0,0,0
porkandbeans,0,0,0,0,0,0,0,0,0
powerslave,107,172,305,468,27,33,55,94,10403
prayeroftherefugee,32,46,90,105,0,0,0,0,0
precious,20,20,20,20,0,0,0,0,0
prequeltothesequel,8,18,34,61,0,0,0,0,0
pretendweredead,0,0,0,0,0,0,0,0,4410
prettyflyforawhiteguy,0,0,0,0,0,0,0,0,0
prettyinpink,0,0,0,0,0,0,0,0,0
prettynoose,26,41,58,103,0,0,0,0,0
prideandjoy,73,164,263,403,0,0,0,0,0
promisedland,17,29,58,99,0,0,0,0,9016
prophecylive,50,66,139,202,0,0,0,0,0
prostitute,24,40,70,125,0,0,0,0,0
psychokiller,49,105,142,200,0,0,0,0,0
psychosocial,36,58,109,203,0,0,0,0,0
pumpitup,0,0,0,0,0,0,0,0,0
pushit,0,0,0,0,0,0,0,0,0
queenbitch,0,0,0,0,0,0,0,0,0
radioradio,0,0,0,0,0,0,0,0,0
ramblinman,195,297,451,560,0,0,0,0,0
rattlesnakeshake,15,15,29,84,0,0,0,0,0
readysetgo,0,0,0,0,0,0,0,0,0
realgoodlooking,0,0,0,0,0,0,0,0,0
realwildchild,0,0,0,0,47,77,143,210,0
realworld,0,0,0,0,0,0,0,0,0
rebelgirl1,17,25,58,64,0,0,0,0,0
rebelyell,26,48,78,131,0,0,0,0,0
redbarchetta,21,41,74,89,0,0,0,0,0
reddevil,69,106,194,398,0,0,0,0,5323
redtandy,51,53,80,84,0,0,0,0,0
reeducation,0,0,0,0,0,0,0,0,0
refugee,118,208,328,472,0,0,0,0,10303
rehash,0,0,0,0,0,0,0,0,0
reinventingyourexit,0,0,0,0,0,0,0,0,0
release,0,0,0,0,0,0,0,0,0
renegade,69,115,190,405,0,0,0,0,0
reptilia,35,69,86,95,0,0,0,0,0
rescueme,23,36,56,71,0,0,0,0,0
reyourbrains,18,29,44,50,0,0,0,0,0
riadnthebedouins,63,123,187,370,0,0,0,0,0
rideawhiteswan,44,68,90,143,0,0,0,0,0
ridethelightning,175,231,427,714,0,0,0,0,0
ridingonthewind,31,41,74,117,0,0,0,0,0
ridinthehook,0,0,0,0,0,0,0,0,0
ridinthestormout,79,134,257,398,0,0,0,0,0
ringoffire,45,80,120,136,0,0,0,0,3314
rio,0,0,0,0,0,0,0,0,0
roam,22,25,32,37,0,0,0,0,0
robtheprezodent,12,18,29,50,0,0,0,0,0
rockandrollband,25,28,50,60,0,0,0,0,0
rockandrollcreation,48,71,109,141,0,0,0,0,12286
rockandrollstar,236,285,410,479,0,0,0,0,0
rockawaybeach,0,0,0,0,0,0,0,0,0
rockinamerica,80,135,226,398,0,0,0,0,4502
rockme,0,0,0,0,0,0,0,0,0
rocknme,0,0,0,0,0,0,0,0,0
rocknrolldream,53,68,141,202,0,0,0,0,0
rocknrollhighschool,0,0,0,0,0,0,0,0,0
rocknrollnightmare,0,0,0,0,0,0,0,0,0
rockrebellion,59,90,120,137,0,0,0,0,0
rockyoursocks,16,32,50,50,0,0,0,0,0
rollwiththechanges,86,150,237,367,0,0,0,0,3892
rooftops,34,61,91,112,0,0,0,0,0
rooster,0,0,0,0,0,0,0,0,0
roundandround,86,93,163,280,0,0,0,0,0
roxanne,0,0,0,0,0,0,0,0,0
ruby,29,39,62,83,0,0,0,0,0
rubysoho,0,0,0,0,0,0,0,0,0
rudemood,0,0,0,0,0,0,0,0,0
runnindownadream,91,121,219,357,0,0,0,0,0
running,0,0,0,0,27,27,37,47,0
runningwild,0,0,0,0,0,0,0,0,0
runtothehills,33,37,60,115,0,0,0,0,5205
runtothehills2,27,44,66,126,0,0,0,0,5832
rustinpeace,13,25,45,79,0,0,0,0,0
sabotage,0,0,0,0,0,0,0,0,0
saintsoflosangeles,48,58,87,147,0,0,0,0,0
saluteyoursolution,101,146,232,324,0,0,0,0,0
sameolsituation,20,37,74,112,0,0,0,0,0
satchboogie,186,268,460,974,0,0,0,0,0
satelliteradio,0,0,0,0,0,0,0,0,0
saucyjack,0,0,0,0,0,0,0,0,0
savior,0,0,0,0,0,0,0,0,0
sayitaintso,16,29,46,50,0,0,0,0,0
school,29,51,77,116,0,0,0,0,0
schoolsoutlive,23,31,56,100,0,0,0,0,9765
sciencegeniusgirl,0,0,0,0,0,0,0,0,0
scraped,51,85,149,266,0,0,0,0,0
screamingfor,82,113,175,235,0,0,0,0,8275
seaandsand,98,139,288,337,0,0,0,0,0
seeyou,0,0,0,0,0,0,0,0,0
selfesteem,0,0,0,0,0,0,0,0,0
seven,0,0,0,0,0,0,0,0,0
sexonfire,0,0,0,0,0,0,0,0,0
sextypething,0,0,0,0,0,0,0,0,0
shacklersrevenge,41,60,104,203,0,0,0,0,0
shake,30,36,49,51,0,0,0,0,3160
shedoes,17,30,57,62,0,0,0,0,0
shegoesdown,71,107,155,217,0,0,0,0,0
sheisahandsomewoman,18,34,56,60,0,0,0,0,0
shesagenius,20,30,40,53,0,0,0,0,0
shesahottie,13,20,40,50,0,0,0,0,0
shescountry,0,0,0,0,0,0,0,0,0
shesellssanctuary,0,0,0,0,0,0,0,0,0
shesfetching,0,0,0,0,0,0,0,0,0
shesnotthere,0,0,0,0,0,0,0,0,0
shethinksmytractorssexy,0,0,0,0,0,0,0,0,0
shhh,36,72,72,72,0,0,0,0,0
shimmerandshine,23,28,38,41,31,40,62,93,0
shiningstar,16,31,55,102,0,0,0,0,0
shockwave,93,120,209,335,0,0,0,0,0
shootingstar,131,220,311,387,0,0,0,0,3182
shoottherunner,83,136,194,260,0,0,0,0,0
shoottothrill_live,58,86,120,159,0,0,0,0,5073
shortandsweet,201,325,544,891,0,0,0,0,0
shouldertotheplow1,76,91,159,317,0,0,0,0,0
shouldistay,0,0,0,0,0,0,0,0,0
shouldvebeenacowboy,19,32,48,53,0,0,0,0,0
showmetheway,29,46,73,131,0,0,0,0,0
sicksicksick,0,0,0,0,0,0,0,0,0
silver,21,29,44,74,0,0,0,0,0
simplekindoflife,0,0,0,0,0,0,0,0,0
simpleman,50,51,97,108,0,0,0,0,0
singthechanges,0,0,0,0,0,0,0,0,0
sinwagon,100,184,358,609,0,0,0,0,0
sirpsychosexy,0,0,0,0,0,0,0,0,0
sistereurope,34,55,74,90,0,0,0,0,0
siva,19,24,36,41,0,0,0,0,0
sixsixsix,54,81,157,249,0,0,0,0,0
skullcrushermt,0,0,0,0,0,0,0,0,0
sleepwalker,44,87,158,278,0,0,0,0,0
sliceofyourpie,33,51,104,156,0,0,0,0,0
smashitup,45,72,134,158,0,0,0,0,0
smellsliketeen,38,69,77,81,0,0,0,0,0
smilelikeyoumeanit,16,29,55,61,0,0,0,0,0
smokin,126,135,196,328,0,0,0,0,0
smoothcriminalaaf,24,33,81,128,0,0,0,0,0
snowheyoh,0,0,0,0,0,0,0,0,0
socold,15,25,35,49,0,0,0,0,0
somebodytolove,31,45,70,103,0,0,0,0,0
somethingaboutyou,24,29,44,52,0,0,0,0,0
somethingintheway,0,0,0,0,0,0,0,0,0
song2,0,0,0,0,0,0,0,0,0
songwithamission,0,0,0,0,0,0,0,0,0
sonsanddaughters,0,0,0,0,0,0,0,0,0
sorrow,37,38,63,73,0,0,0,0,0
sorry,37,59,82,108,0,0,0,0,0
soulsofblack,48,70,154,219,0,0,0,0,0
soundsofsilence,0,0,0,0,0,0,0,0,0
sowhat,17,32,32,32,0,0,0,0,0
sowhatchawant,0,0,0,0,0,0,0,0,0
spacecowboy,47,94,144,173,43,74,142,229,3078
spaceman,0,0,0,0,91,111,160,273,0
spacetruckin,23,32,46,69,65,96,160,221,0
speedofsound,0,0,0,0,0,0,0,0,0
spiderwebs,12,13,18,25,0,0,0,0,0
spiritinthesky,81,92,132,177,0,0,0,0,0
spoonman,40,58,89,122,24,60,90,103,0
sprode,0,0,0,0,0,0,0,0,0
standingintheshower,86,144,245,354,0,0,0,0,0
stateofloveandtrustlive,93,159,264,382,0,0,0,0,3215
stayaway,0,0,0,0,0,0,0,0,4055
steadyasshegoes,0,0,0,0,0,0,0,0,0
steadyatthewheel,30,42,61,96,0,0,0,0,0
stickysweet,48,77,113,193,0,0,0,0,0
stillalive,0,0,0,0,0,0,0,0,0
stonehenge,64,119,148,259,0,0,0,0,5286
stop,0,0,0,0,0,0,0,0,0
stopstartagain,0,0,0,0,0,0,0,0,0
storyofmylife,58,116,143,159,0,0,0,0,0
streetofdreams,42,82,116,156,0,0,0,0,0
stricken,27,50,86,200,0,0,0,0,0
stumbleandfall,26,41,64,81,0,0,0,0,0
stupify,0,0,0,0,0,0,0,0,0
suckmykiss,20,36,68,141,0,0,0,0,0
suddenlyisee,0,0,0,0,0,0,0,0,0
sudsinabucket,53,76,113,156,0,0,0,0,0
suffragettecity,15,22,48,52,0,0,0,0,0
sugarbaby,11,13,15,27,0,0,0,0,0
sugarmagnolia,52,59,92,102,0,0,0,0,0
sulpher,22,32,53,162,0,0,0,0,0
summerof69,52,69,102,133,0,0,0,0,0
summertimeblues,20,20,43,63,0,0,0,0,0
summertimerolls,14,19,28,53,0,0,0,0,0
sundaymorning,0,0,0,0,0,0,0,0,0
sundial,48,54,121,172,0,0,0,0,0
superbeast,0,0,0,0,0,0,0,0,0
superbowlmedley,0,0,0,0,37,48,76,130,2862
supersonic,15,25,37,67,0,0,0,0,0
supersoniclive,119,209,315,427,0,0,0,0,3453
supremegirl,0,0,0,0,0,0,0,0,0
surfingwiththealien,151,221,419,780,0,0,0,0,0
swamped,0,0,0,0,0,0,0,0,0
sweetleaf,34,63,116,155,0,0,0,0,0
sweetness,0,0,0,0,0,0,0,0,0
sweetnessandlight,36,64,93,99,0,0,0,0,0
sweettalk,0,0,0,0,0,0,0,0,0
swing,18,33,66,107,0,0,0,0,0
swingswing,16,22,31,34,0,0,0,0,0
synchronicity2,9,11,13,13,0,0,0,0,0
takebackthecity,10,17,25,29,0,0,0,0,0
takeitontherun,44,88,144,179,0,0,0,0,0
takemeout,0,0,0,0,0,0,0,0,0
takemetotheriver,18,30,42,82,0,0,0,0,0
takenoprisoners,29,49,85,156,0,0,0,0,0
takethemoney,0,0,0,0,26,41,73,92,0
takethesechains,99,119,163,248,0,0,0,0,0
tame,0,0,0,0,0,0,0,0,0
tangledupinblue,0,0,0,0,0,0,0,0,0
tedjustadmitit,36,62,83,159,61,100,187,303,0
teenagelobotomy,0,0,0,0,0,0,0,0,0
teenageriot,0,0,0,0,0,0,0,0,0
tellherno,0,0,0,0,0,0,0,0,0
tellme,52,105,181,323,0,0,0,0,0
tellmebaby,20,30,46,59,0,0,0,0,0
tempted,0,0,0,0,0,0,0,0,0
tenspeed,36,51,62,79,0,0,0,0,0
territorialpissing,0,0,0,0,0,0,0,0,0
testify,19,32,55,62,0,0,0,0,0
testify_srv,192,338,499,863,0,0,0,0,4032
texasflood,101,191,247,390,0,0,0,0,4065
thankyouboys,0,0,0,0,0,0,0,0,0
thatshowiescaped,0,0,0,0,0,0,0,0,0
thatswhatyouget,0,0,0,0,0,0,0,0,0
thatswhenireach,0,0,0,0,0,0,0,0,0
thebanishment,0,0,0,0,40,65,109,151,0
theclairvoyant,38,64,102,145,0,0,0,0,0
theconjuring,37,70,156,281,0,0,0,0,4703
thedownfallofusall,0,0,0,0,0,0,0,0,0
theend2,0,0,0,0,0,0,0,0,0
thefeeling,0,0,0,0,0,0,0,0,0
thefinalcountdown,31,66,98,214,0,0,0,0,0
thefixer,0,0,0,0,0,0,0,0,0
theflood,0,0,0,0,0,0,0,0,0
thegambler,0,0,0,0,0,0,0,0,0
thegreatestman,0,0,0,0,0,0,0,0,0
thegreatsatan,37,68,116,250,0,0,0,0,0
thegreetingsong,25,32,39,54,0,0,0,0,0
thehandthatfeeds,36,64,127,127,0,0,0,0,5757
thejack_live 360,94,159,293,412,0,0,0,0,13653
thejoker,44,61,93,121,0,0,0,0,0
thekidsarentalright,25,44,56,73,0,0,0,0,0
thekill,0,0,0,0,0,0,0,0,0
theleavingpt2,0,0,0,0,0,0,0,0,0
themetal,0,0,0,0,0,0,0,0,0
themiddle,38,57,86,144,0,0,0,0,0
thepassenger,0,0,0,0,0,0,0,0,0
thepowerofequality,7,7,7,8,0,0,0,0,0
thepretender,0,0,0,0,0,0,0,0,0
theregoesmygun,11,18,22,26,0,0,0,0,0
theresnootherway,14,19,27,34,0,0,0,0,0
therewasatime,244,361,579,788,0,0,0,0,0
therighteousandthewicked,0,0,0,0,0,0,0,0,0
therockshow,0,0,0,0,0,0,0,0,0
therunningfree,0,0,0,0,0,0,0,0,0
thetimeiswrong,0,0,0,0,0,0,0,0,0
thetrees,24,36,54,78,30,48,58,99,0
thetrooper,64,99,168,319,0,0,0,0,0
thewagon,111,179,291,391,0,0,0,0,0
thewaitinglive,56,92,170,211,0,0,0,0,4894
thewaythatitshows,200,357,462,683,0,0,0,0,0
theyreredhot,0,0,0,0,0,0,0,0,0
theysay,0,0,0,0,0,0,0,0,0
thisaintascene,0,0,0,0,0,0,0,0,0
thiscalling,15,32,61,110,0,0,0,0,0
thisilove,61,91,142,244,0,0,0,0,0
thisisacall,0,0,0,0,0,0,0,0,0
thisisexile,0,0,0,0,0,0,0,0,0
thisisit,24,31,80,93,0,0,0,0,0
thisisthirteen,30,49,86,137,0,0,0,0,0
thisiswar,0,0,0,0,0,0,0,0,0
thisonesforthegirls,0,0,0,0,0,0,0,0,0
thrasher,128,154,240,377,0,0,0,0,0
thrashunreal,0,0,0,0,0,0,0,0,0
throughbeingcool,40,61,89,94,0,0,0,0,2296
thunder,0,0,0,0,0,0,0,0,0
thunderstruck_live,36,52,91,129,0,0,0,0,0
ticktickboom,0,0,0,0,0,0,0,0,0
tieyourmotherdown,64,107,178,282,0,0,0,0,3011
timebomb,60,92,173,274,0,0,0,0,7437
timebomb2,20,24,30,40,0,0,0,0,0
timeforchange,74,116,179,298,0,0,0,0,0
timeisrunningout,0,0,0,0,0,0,0,0,0
timesickson,29,30,44,61,0,0,0,0,0
timeslikethese,0,0,0,0,0,0,0,0,0
timewehad,14,17,18,19,0,0,0,0,0
timmy,48,56,74,103,0,0,0,0,4724
tnt_live,22,33,50,85,0,0,0,0,6875
today,36,60,65,85,0,0,0,0,0
tomsawyer,38,44,64,94,0,0,0,0,6483
tomsawyer2,30,39,63,99,0,0,0,0,0
tonightimgonna,82,128,157,289,0,0,0,0,5440
toomuchtimeonmyhands,41,66,139,224,0,0,0,0,0
tornadoofsouls,87,141,246,463,0,0,0,0,0
towncalledmalice,0,0,0,0,0,0,0,0,0
toxicity,0,0,0,0,0,0,0,0,0
traininvain,0,0,0,0,0,0,0,0,0
trainkeptarollin,175,249,411,587,0,0,0,0,2804
trainkeptarollin_short,71,104,176,214,0,0,0,0,0
transmaniaconmc,30,50,90,115,0,0,0,0,0
treatmelikeyourmother,14,16,17,30,0,0,0,0,0
tribute,51,82,157,304,0,0,0,0,0
troublemaker,0,0,0,0,0,0,0,0,0
truckin,0,0,0,0,0,0,0,0,0
truthhitseverybody,0,0,0,0,0,0,0,0,0
tuttoepossibile,36,48,48,50,0,0,0,0,0
twoprinces,30,55,82,160,0,0,0,0,0
twoweeks,64,118,146,293,0,0,0,0,0
typical,32,64,120,192,0,0,0,0,0
unclejohnsband,0,0,0,0,117,119,224,312,0
uncontrollableurge,0,0,0,0,0,0,0,0,0
undermywheelslive,79,131,237,463,0,0,0,0,7507
underneathitall,0,0,0,0,0,0,0,0,0
underpressure,0,0,0,0,44,60,81,125,0
underthebridge,0,0,0,0,0,0,0,0,0
undone,118,212,247,398,0,0,0,0,0
unthoughtknown,0,0,0,0,0,0,0,0,0
upinarms,16,29,38,46,0,0,0,0,0
upthebeach,34,47,74,96,0,0,0,0,0
useit,0,0,0,0,0,0,0,0,0
useme,17,28,60,80,0,0,0,0,0
usuck,11,16,18,23,0,0,0,0,0
valerie,0,0,0,0,0,0,0,0,0
vasoline,21,39,61,82,0,0,0,0,6016
vengeanceismine,66,117,196,486,0,0,0,0,0
visions,0,0,0,0,0,0,0,0,0
vitalsigns,0,0,0,0,0,0,0,0,0
vivalagloria,0,0,0,0,0,0,0,0,0
volcano,0,0,0,0,0,0,0,0,0
wakeupcall,0,0,0,0,0,0,0,0,0
wakeupdead,109,196,303,530,0,0,0,0,0
wakingthedemon,31,56,105,215,0,0,0,0,0
walkingafteryou,0,0,0,0,0,0,0,0,0
walkingonsunshine,0,0,0,0,0,0,0,0,0
walklikeanegyptian,40,58,86,101,0,0,0,0,0
wanteddeadoralive,29,40,61,81,0,0,0,0,0
warmerthanhell,36,48,58,80,0,0,0,0,5462
warpigs,163,221,314,407,0,0,0,0,2592
warriorsoftime,97,197,339,649,0,0,0,0,4230
warzone,27,43,72,148,0,0,0,0,0
wastedagain,18,30,51,62,0,0,0,0,0
wastedyears,34,55,108,189,0,0,0,0,0
waveofmutilation,15,15,15,15,0,0,0,0,0
weaponofchoice,0,0,0,0,0,0,0,0,0
wearethechampions,0,0,0,0,0,0,0,0,0
wearetheroadcrew,77,128,264,410,0,0,0,0,0
wecarealot,0,0,0,0,0,0,0,0,0
wedieyoung,19,27,52,84,0,0,0,0,0
wegotthebeat,0,0,0,0,66,92,117,142,0
weightoftheworld,6,9,16,30,0,0,0,0,0
welcomehome,98,117,182,266,0,0,0,0,6757
welcometothe,23,37,75,85,0,0,0,0,0
wellthoughtouttwinkles,16,22,114,160,0,0,0,0,0
wewillrockyou1,33,48,65,96,0,0,0,0,0
whatahorriblenight,59,84,102,188,0,0,0,0,0
whatsitfeellike,0,0,0,0,0,0,0,0,0
whatsmyageagain,0,0,0,0,0,0,0,0,0
wheels,42,74,114,134,0,0,0,0,0
whenyouwereyoung,55,106,110,110,0,0,0,0,0
wheredyougo,34,43,71,97,0,0,0,0,0
wheresgary,17,25,45,65,0,0,0,0,0
whiterabbit,20,30,35,42,0,0,0,0,0
whiteunicorn,0,0,0,0,0,0,0,0,0
whitewedding,8,9,24,28,0,0,0,0,0
whoareyou,26,52,109,187,0,0,0,0,0
whoknew,0,0,0,0,0,0,0,0,0
wholelottarosie_live,101,158,298,530,0,0,0,0,3966
whosgoinghome,0,0,0,0,0,0,0,0,0
whosyourdaddy,58,86,131,210,0,0,0,0,0
whydoyouloveme,0,0,0,0,0,0,0,0,0
whygo,44,77,124,228,0,0,0,0,0
wilsonlive,50,86,132,247,0,0,0,0,0
windmeup,30,45,68,101,0,0,0,0,0
windup,0,0,0,0,0,0,0,0,0
witchhunt,0,0,0,0,0,0,0,0,0
withoutyou,32,42,58,64,0,0,0,0,0
wolflikeme,0,0,0,0,0,0,0,0,0
woman,0,0,0,0,0,0,0,0,0
wonderwall,0,0,0,0,0,0,0,0,0
wontgetfooled,94,142,232,294,0,0,0,0,0
wontgetfooled_short,91,140,232,293,0,0,0,0,0
wordforward,0,0,0,0,30,36,55,137,0
wordup,25,37,59,81,0,0,0,0,0
workingman,248,322,505,763,0,0,0,0,4397
workingman2,213,320,579,745,0,0,0,0,4663
worldturning,80,114,159,189,0,0,0,0,0
would,9,18,26,39,0,0,0,0,0
yomp,39,59,92,114,0,0,0,0,0
yougiveloveabadname,15,23,55,76,0,0,0,0,0
yougotanotherthingcoming,59,77,109,153,0,0,0,0,0
yougotit,0,0,0,0,0,0,0,0,0
young,0,0,0,0,0,0,0,0,0
youngerbums,0,0,0,0,0,0,0,0,0
youngmanblues,77,132,226,343,0,0,0,0,5038
yououghtaknow1,17,34,34,57,0,0,0,0,0
yourdecision,20,28,46,59,0,0,0,0,0
yourealligot,86,106,154,219,0,0,0,0,0
youregonnahearfromme,46,77,107,177,0,0,0,0,0
yourenorocknrollfun,16,32,50,53,0,0,0,0,0
youshookme_live,29,49,78,93,0,0,0,0,4607
yyz,33,55,109,155,0,0,0,0,0
zero,29,33,46,66,0,0,0,0,0
